id,name,read,pattern,sequence,feature_type,target_gene_id,target_gene_name
Non_Targeting_Human_CRko_BB_0001,Non_Targeting_Human_CRko_BB_0001,R2,(BC),GTAGCGAACGTGTCCGGCGT,CRISPR Guide Capture,Non-Targeting,Non-Targeting
Non_Targeting_Human_CRko_BB_0002,Non_Targeting_Human_CRko_BB_0002,R2,(BC),GACCGGAACGATCTCGCGTA,CRISPR Guide Capture,Non-Targeting,Non-Targeting
Non_Targeting_Human_CRko_BB_0003,Non_Targeting_Human_CRko_BB_0003,R2,(BC),GGCAGTCGTTCGGTTGATAT,CRISPR Guide Capture,Non-Targeting,Non-Targeting
Non_Targeting_Human_CRko_BB_0004,Non_Targeting_Human_CRko_BB_0004,R2,(BC),GCTTGAGCACATACGCGAAT,CRISPR Guide Capture,Non-Targeting,Non-Targeting
Non_Targeting_Human_CRko_BB_0005,Non_Targeting_Human_CRko_BB_0005,R2,(BC),GTGGTAGAATAACGTATTAC,CRISPR Guide Capture,Non-Targeting,Non-Targeting
Non_Targeting_Human_CRko_BB_0006,Non_Targeting_Human_CRko_BB_0006,R2,(BC),GTCATACATGGATAAGGCTA,CRISPR Guide Capture,Non-Targeting,Non-Targeting
Non_Targeting_Human_CRko_BB_0007,Non_Targeting_Human_CRko_BB_0007,R2,(BC),GATACACGAAGCATCACTAG,CRISPR Guide Capture,Non-Targeting,Non-Targeting
Non_Targeting_Human_CRko_BB_0008,Non_Targeting_Human_CRko_BB_0008,R2,(BC),GAACGTTGGCACTACTTCAC,CRISPR Guide Capture,Non-Targeting,Non-Targeting
Non_Targeting_Human_CRko_BB_0009,Non_Targeting_Human_CRko_BB_0009,R2,(BC),GATCCATGTAATGCGTTCGA,CRISPR Guide Capture,Non-Targeting,Non-Targeting
Non_Targeting_Human_CRko_BB_0010,Non_Targeting_Human_CRko_BB_0010,R2,(BC),GTCGTGAAGTGCATTCGATC,CRISPR Guide Capture,Non-Targeting,Non-Targeting
Non_Targeting_Human_CRko_BB_0011,Non_Targeting_Human_CRko_BB_0011,R2,(BC),GTTCGACTCGCGTGACCGTA,CRISPR Guide Capture,Non-Targeting,Non-Targeting
Non_Targeting_Human_CRko_BB_0012,Non_Targeting_Human_CRko_BB_0012,R2,(BC),GAATCTACCGCAGCGGTTCG,CRISPR Guide Capture,Non-Targeting,Non-Targeting
Non_Targeting_Human_CRko_BB_0013,Non_Targeting_Human_CRko_BB_0013,R2,(BC),GAAGTGACGTCGATTCGATA,CRISPR Guide Capture,Non-Targeting,Non-Targeting
Non_Targeting_Human_CRko_BB_0014,Non_Targeting_Human_CRko_BB_0014,R2,(BC),GCGGTGTATGACAACCGCCG,CRISPR Guide Capture,Non-Targeting,Non-Targeting
Non_Targeting_Human_CRko_BB_0015,Non_Targeting_Human_CRko_BB_0015,R2,(BC),GTACCGCGCCTGAAGTTCGC,CRISPR Guide Capture,Non-Targeting,Non-Targeting
Non_Targeting_Human_CRko_BB_0016,Non_Targeting_Human_CRko_BB_0016,R2,(BC),GCAGCTCGTGTGTCGTACTC,CRISPR Guide Capture,Non-Targeting,Non-Targeting
Non_Targeting_Human_CRko_BB_0017,Non_Targeting_Human_CRko_BB_0017,R2,(BC),GCGCCTTAAGAGTACTCATC,CRISPR Guide Capture,Non-Targeting,Non-Targeting
Non_Targeting_Human_CRko_BB_0018,Non_Targeting_Human_CRko_BB_0018,R2,(BC),GAGTGTCGTCGTTGCTCCTA,CRISPR Guide Capture,Non-Targeting,Non-Targeting
Non_Targeting_Human_CRko_BB_0019,Non_Targeting_Human_CRko_BB_0019,R2,(BC),GCAGCTCGACCTCAAGCCGT,CRISPR Guide Capture,Non-Targeting,Non-Targeting
Non_Targeting_Human_CRko_BB_0020,Non_Targeting_Human_CRko_BB_0020,R2,(BC),GTATCCTGACCTACGCGCTG,CRISPR Guide Capture,Non-Targeting,Non-Targeting
Non_Targeting_Human_CRko_BB_0021,Non_Targeting_Human_CRko_BB_0021,R2,(BC),GTGTATCTCAGCACGCTAAC,CRISPR Guide Capture,Non-Targeting,Non-Targeting
Non_Targeting_Human_CRko_BB_0022,Non_Targeting_Human_CRko_BB_0022,R2,(BC),GTCGTCATACAACGGCAACG,CRISPR Guide Capture,Non-Targeting,Non-Targeting
Non_Targeting_Human_CRko_BB_0023,Non_Targeting_Human_CRko_BB_0023,R2,(BC),GTCGTGCGCTTCCGGCGGTA,CRISPR Guide Capture,Non-Targeting,Non-Targeting
Non_Targeting_Human_CRko_BB_0024,Non_Targeting_Human_CRko_BB_0024,R2,(BC),GCGGTCCTCAGTAAGCGCGT,CRISPR Guide Capture,Non-Targeting,Non-Targeting
Non_Targeting_Human_CRko_BB_0025,Non_Targeting_Human_CRko_BB_0025,R2,(BC),GCTCTGCTGCGGAAGGATTC,CRISPR Guide Capture,Non-Targeting,Non-Targeting
Non_Targeting_Human_CRko_BB_0026,Non_Targeting_Human_CRko_BB_0026,R2,(BC),GCATGGAGGAGCGTCGCAGA,CRISPR Guide Capture,Non-Targeting,Non-Targeting
Non_Targeting_Human_CRko_BB_0027,Non_Targeting_Human_CRko_BB_0027,R2,(BC),GTAGCGCGCGTAGGAGTGGC,CRISPR Guide Capture,Non-Targeting,Non-Targeting
Non_Targeting_Human_CRko_BB_0028,Non_Targeting_Human_CRko_BB_0028,R2,(BC),GATCACCTGCATTCGTACAC,CRISPR Guide Capture,Non-Targeting,Non-Targeting
Non_Targeting_Human_CRko_BB_0029,Non_Targeting_Human_CRko_BB_0029,R2,(BC),GCACACCTAGATATCGAATG,CRISPR Guide Capture,Non-Targeting,Non-Targeting
Non_Targeting_Human_CRko_BB_0030,Non_Targeting_Human_CRko_BB_0030,R2,(BC),GTTGATCAACGCGCTTCGCG,CRISPR Guide Capture,Non-Targeting,Non-Targeting
Non_Targeting_Human_CRko_BB_0031,Non_Targeting_Human_CRko_BB_0031,R2,(BC),GCCGACCAACGTCAGCGGTA,CRISPR Guide Capture,Non-Targeting,Non-Targeting
Non_Targeting_Human_CRko_BB_0032,Non_Targeting_Human_CRko_BB_0032,R2,(BC),GGATACGGTGCGTCAATCTA,CRISPR Guide Capture,Non-Targeting,Non-Targeting
Non_Targeting_Human_CRko_BB_0033,Non_Targeting_Human_CRko_BB_0033,R2,(BC),GAATCCAGTGGCGGCGACAA,CRISPR Guide Capture,Non-Targeting,Non-Targeting
Non_Targeting_Human_CRko_BB_0034,Non_Targeting_Human_CRko_BB_0034,R2,(BC),GCACTGTCAGTGCAACGATA,CRISPR Guide Capture,Non-Targeting,Non-Targeting
Non_Targeting_Human_CRko_BB_0035,Non_Targeting_Human_CRko_BB_0035,R2,(BC),GCGATCCTCAAGTATGCTCA,CRISPR Guide Capture,Non-Targeting,Non-Targeting
Non_Targeting_Human_CRko_BB_0036,Non_Targeting_Human_CRko_BB_0036,R2,(BC),GCTAATATCGACACGGCCGC,CRISPR Guide Capture,Non-Targeting,Non-Targeting
Non_Targeting_Human_CRko_BB_0037,Non_Targeting_Human_CRko_BB_0037,R2,(BC),GGAGATGCATCGAAGTCGAT,CRISPR Guide Capture,Non-Targeting,Non-Targeting
Non_Targeting_Human_CRko_BB_0038,Non_Targeting_Human_CRko_BB_0038,R2,(BC),GGATGCACTCCATCTCGTCT,CRISPR Guide Capture,Non-Targeting,Non-Targeting
Non_Targeting_Human_CRko_BB_0039,Non_Targeting_Human_CRko_BB_0039,R2,(BC),GTGCCGAGTAATAACGCGAG,CRISPR Guide Capture,Non-Targeting,Non-Targeting
Non_Targeting_Human_CRko_BB_0040,Non_Targeting_Human_CRko_BB_0040,R2,(BC),GAGATTCCGATGTAACGTAC,CRISPR Guide Capture,Non-Targeting,Non-Targeting
Non_Targeting_Human_CRko_BB_0041,Non_Targeting_Human_CRko_BB_0041,R2,(BC),GTCGTCACGAGCAGGATTGC,CRISPR Guide Capture,Non-Targeting,Non-Targeting
Non_Targeting_Human_CRko_BB_0042,Non_Targeting_Human_CRko_BB_0042,R2,(BC),GCGTTAGTCACTTAGCTCGA,CRISPR Guide Capture,Non-Targeting,Non-Targeting
Non_Targeting_Human_CRko_BB_0043,Non_Targeting_Human_CRko_BB_0043,R2,(BC),GTTCACACGGTGTCGGATAG,CRISPR Guide Capture,Non-Targeting,Non-Targeting
Non_Targeting_Human_CRko_BB_0044,Non_Targeting_Human_CRko_BB_0044,R2,(BC),GGATAGGTGACCTTAGTACG,CRISPR Guide Capture,Non-Targeting,Non-Targeting
Non_Targeting_Human_CRko_BB_0045,Non_Targeting_Human_CRko_BB_0045,R2,(BC),GTATGAGTCAAGCTAATGCG,CRISPR Guide Capture,Non-Targeting,Non-Targeting
Non_Targeting_Human_CRko_BB_0046,Non_Targeting_Human_CRko_BB_0046,R2,(BC),GCAACTATTGGAATACGTGA,CRISPR Guide Capture,Non-Targeting,Non-Targeting
Non_Targeting_Human_CRko_BB_0047,Non_Targeting_Human_CRko_BB_0047,R2,(BC),GTTACCTTCGCTCGTCTATA,CRISPR Guide Capture,Non-Targeting,Non-Targeting
Non_Targeting_Human_CRko_BB_0048,Non_Targeting_Human_CRko_BB_0048,R2,(BC),GTACCGAGCACCACAGGCCG,CRISPR Guide Capture,Non-Targeting,Non-Targeting
Non_Targeting_Human_CRko_BB_0049,Non_Targeting_Human_CRko_BB_0049,R2,(BC),GTCAGCCATCGGATAGAGAT,CRISPR Guide Capture,Non-Targeting,Non-Targeting
Non_Targeting_Human_CRko_BB_0050,Non_Targeting_Human_CRko_BB_0050,R2,(BC),GTACGGCACTCCTAGCCGCT,CRISPR Guide Capture,Non-Targeting,Non-Targeting
HSPA9_1,HSPA9_1,R2,(BC),GGGTACTACCAACTCCTGCG,CRISPR Guide Capture,ENSG00000113013,HSPA9
HSPA9_2,HSPA9_2,R2,(BC),AATCCCTTCAAATTGAGCAC,CRISPR Guide Capture,ENSG00000113013,HSPA9
HSPA9_3,HSPA9_3,R2,(BC),ATTCCACTGGTCCATACCTT,CRISPR Guide Capture,ENSG00000113013,HSPA9
PCNA_1,PCNA_1,R2,(BC),ATGAAGATATCATTACACTA,CRISPR Guide Capture,ENSG00000132646,PCNA
PCNA_2,PCNA_2,R2,(BC),ATACGTGCAAATTCACCAGA,CRISPR Guide Capture,ENSG00000132646,PCNA
PCNA_3,PCNA_3,R2,(BC),TGTCGAAGCCCTCAGACCGC,CRISPR Guide Capture,ENSG00000132646,PCNA
POLR2L_1,POLR2L_1,R2,(BC),CAAGATCGTCGGCAACAAGT,CRISPR Guide Capture,ENSG00000177700,POLR2L
POLR2L_2,POLR2L_2,R2,(BC),TGCAGGCCGAGTACACCGAG,CRISPR Guide Capture,ENSG00000177700,POLR2L
POLR2L_3,POLR2L_3,R2,(BC),TTCACTTGTGGCAAGATCGT,CRISPR Guide Capture,ENSG00000177700,POLR2L
RPL9_1,RPL9_1,R2,(BC),TGGGTGAAAAATATATCCGC,CRISPR Guide Capture,ENSG00000163682,RPL9
RPL9_2,RPL9_2,R2,(BC),GGGTGAAAAATATATCCGCA,CRISPR Guide Capture,ENSG00000163682,RPL9
RPL9_3,RPL9_3,R2,(BC),CCTGGATAACAACGTTGATG,CRISPR Guide Capture,ENSG00000163682,RPL9
SF3B3_1,SF3B3_1,R2,(BC),GTCAATGAGTGGAAGACCCC,CRISPR Guide Capture,ENSG00000189091,SF3B3
SF3B3_2,SF3B3_2,R2,(BC),TGGCCATGTCAAGCCGCTCA,CRISPR Guide Capture,ENSG00000189091,SF3B3
SF3B3_3,SF3B3_3,R2,(BC),GGAATTGGACAGCGGATATC,CRISPR Guide Capture,ENSG00000189091,SF3B3
ADAMTS6_1,ADAMTS6_1,R2,(BC),AAGAACTGCATTATCGTGGT,CRISPR Guide Capture,ENSG00000049192,ADAMTS6
ADAMTS6_2,ADAMTS6_2,R2,(BC),AGCATCATACACCTGACCTG,CRISPR Guide Capture,ENSG00000049192,ADAMTS6
ADAMTS6_3,ADAMTS6_3,R2,(BC),GCTGGAATCACGGTAAAGTT,CRISPR Guide Capture,ENSG00000049192,ADAMTS6
AGMO_1,AGMO_1,R2,(BC),GCTTACCATGAGCCATACGA,CRISPR Guide Capture,ENSG00000187546,AGMO
AGMO_2,AGMO_2,R2,(BC),ATGAACAGCATATACTGAAG,CRISPR Guide Capture,ENSG00000187546,AGMO
AGMO_3,AGMO_3,R2,(BC),TAATACTCCTAGCCATCATA,CRISPR Guide Capture,ENSG00000187546,AGMO
APP_1,APP_1,R2,(BC),AACACACAAACTCTACCCCT,CRISPR Guide Capture,ENSG00000142192,APP
APP_2,APP_2,R2,(BC),GGCTCACCTAAGCAGCGGTA,CRISPR Guide Capture,ENSG00000142192,APP
APP_3,APP_3,R2,(BC),CAAGTATCTCGAGACACCTG,CRISPR Guide Capture,ENSG00000142192,APP
CHD7_1,CHD7_1,R2,(BC),ATGGGAGTCAAGCTAGTCGT,CRISPR Guide Capture,ENSG00000171316,CHD7
CHD7_2,CHD7_2,R2,(BC),TAATGGTGTGGGTTCGACGT,CRISPR Guide Capture,ENSG00000171316,CHD7
CHD7_3,CHD7_3,R2,(BC),AGGTTCAGGGATCCACACAT,CRISPR Guide Capture,ENSG00000171316,CHD7
COL1A2_1,COL1A2_1,R2,(BC),GGAGGGCCAGCAGACCCAAT,CRISPR Guide Capture,ENSG00000164692,COL1A2
COL1A2_2,COL1A2_2,R2,(BC),TCCTCTGGCACCAGTAGCAC,CRISPR Guide Capture,ENSG00000164692,COL1A2
COL1A2_3,COL1A2_3,R2,(BC),TAAACAGATAAGCATACCAT,CRISPR Guide Capture,ENSG00000164692,COL1A2
EDN3_1,EDN3_1,R2,(BC),CTGTAGTTGGACAGTCCATA,CRISPR Guide Capture,ENSG00000124205,EDN3
EDN3_2,EDN3_2,R2,(BC),AGCACGTGCAGCGCCTGGAT,CRISPR Guide Capture,ENSG00000124205,EDN3
EDN3_3,EDN3_3,R2,(BC),GTGTGTCTACTATTGCCACC,CRISPR Guide Capture,ENSG00000124205,EDN3
ENO1_1,ENO1_1,R2,(BC),AGGTCCTACCTTGCTAACCA,CRISPR Guide Capture,ENSG00000074800,ENO1
ENO1_2,ENO1_2,R2,(BC),TACACTGATAAGGTGGTCAT,CRISPR Guide Capture,ENSG00000074800,ENO1
ENO1_3,ENO1_3,R2,(BC),ACAGCAGCTCTGAAGAGACC,CRISPR Guide Capture,ENSG00000074800,ENO1
ETS1_1,ETS1_1,R2,(BC),GGTATAGCGGGATTCTGGAT,CRISPR Guide Capture,ENSG00000134954,ETS1
ETS1_2,ETS1_2,R2,(BC),GATGGGATGGAGCGTCTGAT,CRISPR Guide Capture,ENSG00000134954,ETS1
ETS1_3,ETS1_3,R2,(BC),ACATCACCCAGTCCCGAACA,CRISPR Guide Capture,ENSG00000134954,ETS1
ETV4_1,ETV4_1,R2,(BC),ATGGGTACCTCGGGGAACAT,CRISPR Guide Capture,ENSG00000175832,ETV4
ETV4_2,ETV4_2,R2,(BC),CTGTAGGGGCGACTGTCCAA,CRISPR Guide Capture,ENSG00000175832,ETV4
ETV4_3,ETV4_3,R2,(BC),TCAATGTACCTCCACACAGA,CRISPR Guide Capture,ENSG00000175832,ETV4
ETV5_1,ETV5_1,R2,(BC),GTGTCGTCAAAGTATAATCG,CRISPR Guide Capture,ENSG00000244405,ETV5
ETV5_2,ETV5_2,R2,(BC),ATAATCGCCCCAGTTACCAT,CRISPR Guide Capture,ENSG00000244405,ETV5
ETV5_3,ETV5_3,R2,(BC),GAATCGACGCAGTAATCCCG,CRISPR Guide Capture,ENSG00000244405,ETV5
FOSB_1,FOSB_1,R2,(BC),GGAACGTCTGGAGTTTGTGC,CRISPR Guide Capture,ENSG00000125740,FOSB
FOSB_2,FOSB_2,R2,(BC),GCTGACCGACCGACTCCAGG,CRISPR Guide Capture,ENSG00000125740,FOSB
FOSB_3,FOSB_3,R2,(BC),CCACCAGCGGAACTACCAGT,CRISPR Guide Capture,ENSG00000125740,FOSB
FUT8_1,FUT8_1,R2,(BC),TAGGACCTACCGGAGAGATT,CRISPR Guide Capture,ENSG00000033170,FUT8
FUT8_2,FUT8_2,R2,(BC),TGAAGCAGTAGACCACATGA,CRISPR Guide Capture,ENSG00000033170,FUT8
FUT8_3,FUT8_3,R2,(BC),GTCAGACGCACAGACAAAGT,CRISPR Guide Capture,ENSG00000033170,FUT8
GAGE1_1,GAGE1_1,R2,(BC),GAAGCTGATAGCCAGGAACA,CRISPR Guide Capture,ENSG00000205777,GAGE1
GAGE1_2,GAGE1_2,R2,(BC),CCTATTATTGGCCTAGACCA,CRISPR Guide Capture,ENSG00000205777,GAGE1
GAGE1_3,GAGE1_3,R2,(BC),CCTTGGTCTAGGCCAATAAT,CRISPR Guide Capture,ENSG00000205777,GAGE1
GAGE2A_1,GAGE2A_1,R2,(BC),GGAGGCTCTACGTAGCGTCT,CRISPR Guide Capture,ENSG00000189064,GAGE2A
GAGE2A_2,GAGE2A_2,R2,(BC),GGCGAGGAAGATCGACCTAT,CRISPR Guide Capture,ENSG00000189064,GAGE2A
GAGE2A_3,GAGE2A_3,R2,(BC),TCTACGTAGCGTCTTGGTCT,CRISPR Guide Capture,ENSG00000189064,GAGE2A
GPC6_1,GPC6_1,R2,(BC),ATGAGGGCACGGATACACCC,CRISPR Guide Capture,ENSG00000183098,GPC6
GPC6_2,GPC6_2,R2,(BC),ACACTTAAGAATCTGTCCTC,CRISPR Guide Capture,ENSG00000183098,GPC6
GPC6_3,GPC6_3,R2,(BC),GGCATAAGAAATTTGACGGT,CRISPR Guide Capture,ENSG00000183098,GPC6
GPM6B_1,GPM6B_1,R2,(BC),ATAGGTGAGGAAAACGAACT,CRISPR Guide Capture,ENSG00000046653,GPM6B
GPM6B_2,GPM6B_2,R2,(BC),ATGTTGTAGAACATAAACAC,CRISPR Guide Capture,ENSG00000046653,GPM6B
GPM6B_3,GPM6B_3,R2,(BC),AGGTACCACTGGATGTACCC,CRISPR Guide Capture,ENSG00000046653,GPM6B
HIF1A_1,HIF1A_1,R2,(BC),TGGCTCATATCCCATCAATT,CRISPR Guide Capture,ENSG00000100644,HIF1A
HIF1A_2,HIF1A_2,R2,(BC),ACAGTAACCAACCTCAGTGT,CRISPR Guide Capture,ENSG00000100644,HIF1A
HIF1A_3,HIF1A_3,R2,(BC),GATAATGTGAACAAATACAT,CRISPR Guide Capture,ENSG00000100644,HIF1A
HSF1_1,HSF1_1,R2,(BC),GAGAACTGCCGGCTATACTT,CRISPR Guide Capture,ENSG00000185122,HSF1
HSF1_2,HSF1_2,R2,(BC),AGCTTCCACGTGTTCGACCA,CRISPR Guide Capture,ENSG00000185122,HSF1
HSF1_3,HSF1_3,R2,(BC),GCAACAGAAAGTCGTCAACA,CRISPR Guide Capture,ENSG00000185122,HSF1
IRF4_1,IRF4_1,R2,(BC),CTGATCGACCAGATCGACAG,CRISPR Guide Capture,ENSG00000137265,IRF4
IRF4_2,IRF4_2,R2,(BC),CAGACCCGTACAAAGTGTAC,CRISPR Guide Capture,ENSG00000137265,IRF4
IRF4_3,IRF4_3,R2,(BC),TCCCCACAGAGCCAAGCATA,CRISPR Guide Capture,ENSG00000137265,IRF4
ITGA6_1,ITGA6_1,R2,(BC),GAGCCCCGGGTACTTATAAC,CRISPR Guide Capture,ENSG00000091409,ITGA6
ITGA6_2,ITGA6_2,R2,(BC),AGGTGGCAAGATATAGTTAT,CRISPR Guide Capture,ENSG00000091409,ITGA6
ITGA6_3,ITGA6_3,R2,(BC),TTCATCAACAGGTTGCTCGT,CRISPR Guide Capture,ENSG00000091409,ITGA6
JUN_1,JUN_1,R2,(BC),GTAGCCATAAGGTCCGCTCT,CRISPR Guide Capture,ENSG00000177606,JUN
JUN_2,JUN_2,R2,(BC),CTGAGGTTTGCGTAGACCGG,CRISPR Guide Capture,ENSG00000177606,JUN
JUN_3,JUN_3,R2,(BC),TGATAATCCAGTCCAGCAAC,CRISPR Guide Capture,ENSG00000177606,JUN
KLF5_1,KLF5_1,R2,(BC),ACTGCAGTGAAACAATTCCA,CRISPR Guide Capture,ENSG00000102554,KLF5
KLF5_2,KLF5_2,R2,(BC),GAAGAACTGGTCTACGACTG,CRISPR Guide Capture,ENSG00000102554,KLF5
KLF5_3,KLF5_3,R2,(BC),GAACTGGGCATATCTAGATC,CRISPR Guide Capture,ENSG00000102554,KLF5
KLF6_1,KLF6_1,R2,(BC),TCTGAGGCTGAAACATAGCA,CRISPR Guide Capture,ENSG00000067082,KLF6
KLF6_2,KLF6_2,R2,(BC),AGCCGGTCTCGTGCACGATC,CRISPR Guide Capture,ENSG00000067082,KLF6
KLF6_3,KLF6_3,R2,(BC),AAGTTTACCTCCGACCCCAT,CRISPR Guide Capture,ENSG00000067082,KLF6
LAMB1_1,LAMB1_1,R2,(BC),ACTATGGCGACCCCATCATT,CRISPR Guide Capture,ENSG00000091136,LAMB1
LAMB1_2,LAMB1_2,R2,(BC),GAAGTATCTATACACACCCC,CRISPR Guide Capture,ENSG00000091136,LAMB1
LAMB1_3,LAMB1_3,R2,(BC),AGTGGAGCGGCAATATATCC,CRISPR Guide Capture,ENSG00000091136,LAMB1
LOXL3_1,LOXL3_1,R2,(BC),CAGAGCAGCGAACTTCACTC,CRISPR Guide Capture,ENSG00000115318,LOXL3
LOXL3_2,LOXL3_2,R2,(BC),GCACACAGCTCACCACTGCA,CRISPR Guide Capture,ENSG00000115318,LOXL3
LOXL3_3,LOXL3_3,R2,(BC),GGACTCTGGGAATATAACAG,CRISPR Guide Capture,ENSG00000115318,LOXL3
MAZ_1,MAZ_1,R2,(BC),GCGCACAGAGCGCAGATGTA,CRISPR Guide Capture,ENSG00000103495,MAZ
MAZ_2,MAZ_2,R2,(BC),GCGACAGCTTGTGTCGGTTC,CRISPR Guide Capture,ENSG00000103495,MAZ
MAZ_3,MAZ_3,R2,(BC),ACTCACCTGGAATGGACTCT,CRISPR Guide Capture,ENSG00000103495,MAZ
MDK_1,MDK_1,R2,(BC),GGGGAGCGAGTGCGCTGAGT,CRISPR Guide Capture,ENSG00000110492,MDK
MDK_2,MDK_2,R2,(BC),ACCCCCAGCAGCAAGGATTG,CRISPR Guide Capture,ENSG00000110492,MDK
MDK_3,MDK_3,R2,(BC),GGGCCCAGACCCAGCGCATC,CRISPR Guide Capture,ENSG00000110492,MDK
MEF2A_1,MEF2A_1,R2,(BC),GCTACTGGTGCAAATAGCTT,CRISPR Guide Capture,ENSG00000068305,MEF2A
MEF2A_2,MEF2A_2,R2,(BC),TACCTCAACAATATCCGAGT,CRISPR Guide Capture,ENSG00000068305,MEF2A
MEF2A_3,MEF2A_3,R2,(BC),GAGTACACAAGTCCTTGCGG,CRISPR Guide Capture,ENSG00000068305,MEF2A
MEF2C_1,MEF2C_1,R2,(BC),GGCATACTGGAACAGCTTGT,CRISPR Guide Capture,ENSG00000081189,MEF2C
MEF2C_2,MEF2C_2,R2,(BC),CATTTACAAAGAGGAAATTT,CRISPR Guide Capture,ENSG00000081189,MEF2C
MEF2C_3,MEF2C_3,R2,(BC),AGTGTCCAGCCACAACAGTT,CRISPR Guide Capture,ENSG00000081189,MEF2C
MEOX2_1,MEOX2_1,R2,(BC),AGAGCTCGGGGTAAGACATA,CRISPR Guide Capture,ENSG00000106511,MEOX2
MEOX2_2,MEOX2_2,R2,(BC),GCCTGGCGGCCGTAGTCCCC,CRISPR Guide Capture,ENSG00000106511,MEOX2
MEOX2_3,MEOX2_3,R2,(BC),GCGGGATACCCCAACGAAGA,CRISPR Guide Capture,ENSG00000106511,MEOX2
MITF_1,MITF_1,R2,(BC),TAAGCGTAAGCATAGCCATG,CRISPR Guide Capture,ENSG00000187098,MITF
MITF_2,MITF_2,R2,(BC),TTCACGAGCGTCCTGTATGC,CRISPR Guide Capture,ENSG00000187098,MITF
MITF_3,MITF_3,R2,(BC),AGCAACACTCACGTACCTTA,CRISPR Guide Capture,ENSG00000187098,MITF
MYC_1,MYC_1,R2,(BC),TCCTCGTCGCAGTAGAAATA,CRISPR Guide Capture,ENSG00000136997,MYC
MYC_2,MYC_2,R2,(BC),GTGGAAAAGAGGCAGGCTCC,CRISPR Guide Capture,ENSG00000136997,MYC
MYC_3,MYC_3,R2,(BC),AGAGTGCATCGACCCCTCGG,CRISPR Guide Capture,ENSG00000136997,MYC
NES_1,NES_1,R2,(BC),CAAGAGGTCTAGCTATCTCC,CRISPR Guide Capture,ENSG00000132688,NES
NES_2,NES_2,R2,(BC),CGAGCTAGAGGCTCTACGCG,CRISPR Guide Capture,ENSG00000132688,NES
NES_3,NES_3,R2,(BC),GCGTTGGAACAGAGGTTGGA,CRISPR Guide Capture,ENSG00000132688,NES
NF1_1,NF1_1,R2,(BC),GCGATTGCTAGGCCCGGTAT,CRISPR Guide Capture,ENSG00000196712,NF1
NF1_2,NF1_2,R2,(BC),AGGAGAACTCCCTATAGCGA,CRISPR Guide Capture,ENSG00000196712,NF1
NF1_3,NF1_3,R2,(BC),AGCATACCTGGTATAAACAG,CRISPR Guide Capture,ENSG00000196712,NF1
NFATC2_1,NFATC2_1,R2,(BC),ACGGAGTGATCTCGATCCGA,CRISPR Guide Capture,ENSG00000101096,NFATC2
NFATC2_2,NFATC2_2,R2,(BC),GCCTTTCCGCAGCTCAATGT,CRISPR Guide Capture,ENSG00000101096,NFATC2
NFATC2_3,NFATC2_3,R2,(BC),ACCAGGTGCACCGAATCACG,CRISPR Guide Capture,ENSG00000101096,NFATC2
NFIB_1,NFIB_1,R2,(BC),CTGGCGTCTGGATCTAGTCA,CRISPR Guide Capture,ENSG00000147862,NFIB
NFIB_2,NFIB_2,R2,(BC),TATTCGCCAGGAGTATCGAG,CRISPR Guide Capture,ENSG00000147862,NFIB
NFIB_3,NFIB_3,R2,(BC),CTGCAGGTTGAACCAAGTAT,CRISPR Guide Capture,ENSG00000147862,NFIB
NR2F2_1,NR2F2_1,R2,(BC),GCAGGGAAATATATCCGGAC,CRISPR Guide Capture,ENSG00000185551,NR2F2
NR2F2_2,NR2F2_2,R2,(BC),GCTCCAGGTGAGGCGAAGCA,CRISPR Guide Capture,ENSG00000185551,NR2F2
NR2F2_3,NR2F2_3,R2,(BC),ATGCAGCCCAACAACATCAT,CRISPR Guide Capture,ENSG00000185551,NR2F2
NR2F2-iso1_1,NR2F2-iso1_1,R2,(BC),GCTGGTCGATGGGACAGTTC,CRISPR Guide Capture,ENSG00000185551,NR2F2
NR2F2-iso1_2,NR2F2-iso1_2,R2,(BC),GTGTGCGGAGACAAGTCGAG,CRISPR Guide Capture,ENSG00000185551,NR2F2
NR2F2-iso1_3,NR2F2-iso1_3,R2,(BC),CAGCACGCCAGCCCAGACGG,CRISPR Guide Capture,ENSG00000185551,NR2F2
NR2F2-iso2_1,NR2F2-iso2_1,R2,(BC),GACCTTGAACAAGGCAAATA,CRISPR Guide Capture,ENSG00000185551,NR2F2
NR2F2-iso2_2,NR2F2-iso2_2,R2,(BC),GCGGTTTGGGACCTTGAACA,CRISPR Guide Capture,ENSG00000185551,NR2F2
NR2F2-iso2_3,NR2F2-iso2_3,R2,(BC),AACCATATTTGCCTTGTTCA,CRISPR Guide Capture,ENSG00000185551,NR2F2
PAX3_1,PAX3_1,R2,(BC),GAGACTGGCTCCATACGTCC,CRISPR Guide Capture,ENSG00000135903,PAX3
PAX3_2,PAX3_2,R2,(BC),AGCTGGCGCGAGATGACGCA,CRISPR Guide Capture,ENSG00000135903,PAX3
PAX3_3,PAX3_3,R2,(BC),GCATCCTGAGAAGTAAATTC,CRISPR Guide Capture,ENSG00000135903,PAX3
PKNOX2_1,PKNOX2_1,R2,(BC),GAGCCAAGAACGCATTATAT,CRISPR Guide Capture,ENSG00000165495,PKNOX2
PKNOX2_2,PKNOX2_2,R2,(BC),CTTATACCAACCGGTTACCA,CRISPR Guide Capture,ENSG00000165495,PKNOX2
PKNOX2_3,PKNOX2_3,R2,(BC),TCTGGGTCATCGCTGAAGAA,CRISPR Guide Capture,ENSG00000165495,PKNOX2
PLP1_1,PLP1_1,R2,(BC),GTGTTGAAGTAAATGTACAC,CRISPR Guide Capture,ENSG00000123560,PLP1
PLP1_2,PLP1_2,R2,(BC),ATGGCTAGGACATCCCGACA,CRISPR Guide Capture,ENSG00000123560,PLP1
PLP1_3,PLP1_3,R2,(BC),GGCGCAGTCAGGCAGATCTT,CRISPR Guide Capture,ENSG00000123560,PLP1
POLE4_1,POLE4_1,R2,(BC),CTGTCCCGCTAGCGTCACGT,CRISPR Guide Capture,ENSG00000115350,POLE4
POLE4_2,POLE4_2,R2,(BC),GCGAGTGAAGGCCTTGGTGA,CRISPR Guide Capture,ENSG00000115350,POLE4
POLE4_3,POLE4_3,R2,(BC),ACAGGAAGCCATCTTCATTC,CRISPR Guide Capture,ENSG00000115350,POLE4
POU3F2_1,POU3F2_1,R2,(BC),AGCCAGCCCCACGTCCGCTT,CRISPR Guide Capture,ENSG00000184486,POU3F2
POU3F2_2,POU3F2_2,R2,(BC),TGGATCACCGCGCTGTCCCA,CRISPR Guide Capture,ENSG00000184486,POU3F2
POU3F2_3,POU3F2_3,R2,(BC),CGAGTAGAGCAAGCCGCCGT,CRISPR Guide Capture,ENSG00000184486,POU3F2
PRRX1_1,PRRX1_1,R2,(BC),GCACAGGCGGATGAGAACGT,CRISPR Guide Capture,ENSG00000116132,PRRX1
PRRX1_2,PRRX1_2,R2,(BC),TGCGAGAAGACCTTGCCCGC,CRISPR Guide Capture,ENSG00000116132,PRRX1
PRRX1_3,PRRX1_3,R2,(BC),CAGGTCTAGCAGGTGACTGA,CRISPR Guide Capture,ENSG00000116132,PRRX1
PTPRZ1_1,PTPRZ1_1,R2,(BC),TAGGCATGTCGACAATCAGT,CRISPR Guide Capture,ENSG00000106278,PTPRZ1
PTPRZ1_2,PTPRZ1_2,R2,(BC),ACAACCCAACCGGTATACAA,CRISPR Guide Capture,ENSG00000106278,PTPRZ1
PTPRZ1_3,PTPRZ1_3,R2,(BC),GTTCTTACAATGCAACAATC,CRISPR Guide Capture,ENSG00000106278,PTPRZ1
RELB_1,RELB_1,R2,(BC),ATTGAGCGGAAGATTCAACT,CRISPR Guide Capture,ENSG00000104856,RELB
RELB_2,RELB_2,R2,(BC),GGCAATCTGGCGGTGCACGT,CRISPR Guide Capture,ENSG00000104856,RELB
RELB_3,RELB_3,R2,(BC),CAAGTAGAGCTCCTCGCCAC,CRISPR Guide Capture,ENSG00000104856,RELB
RGS5_1,RGS5_1,R2,(BC),GTGAGGAAAACCTTGAGTTC,CRISPR Guide Capture,ENSG00000143248,RGS5
RGS5_2,RGS5_2,R2,(BC),GATCAAGTCCCCTGCCAAGA,CRISPR Guide Capture,ENSG00000143248,RGS5
RGS5_3,RGS5_3,R2,(BC),TGAGTTCTGGATTGCCTGTG,CRISPR Guide Capture,ENSG00000143248,RGS5
RGS5-iso1_1,RGS5-iso1_1,R2,(BC),AAGGAGATTAAGATCAAGTT,CRISPR Guide Capture,ENSG00000143248,RGS5
RGS5-iso1_2,RGS5-iso1_2,R2,(BC),GTTCTGCAGGAGTTTGTCCA,CRISPR Guide Capture,ENSG00000143248,RGS5
RGS5-iso1_3,RGS5-iso1_3,R2,(BC),CAACTGAGTCTGGCTTCTGG,CRISPR Guide Capture,ENSG00000143248,RGS5
RGS5-iso2_1,RGS5-iso2_1,R2,(BC),TTGAAACTGGCAAGTCCATC,CRISPR Guide Capture,ENSG00000143248,RGS5
RUNX1_1,RUNX1_1,R2,(BC),GCTCCGTGCTGCCTACGCAC,CRISPR Guide Capture,ENSG00000159216,RUNX1
RUNX1_2,RUNX1_2,R2,(BC),GTATTGGTAGGACTGATCGT,CRISPR Guide Capture,ENSG00000159216,RUNX1
RUNX1_3,RUNX1_3,R2,(BC),TGCTCCCCACAATAGGACAT,CRISPR Guide Capture,ENSG00000159216,RUNX1
RXRG_1,RXRG_1,R2,(BC),GACTCGATATGGAGAGCCCA,CRISPR Guide Capture,ENSG00000143171,RXRG
RXRG_2,RXRG_2,R2,(BC),AGCGCCTCCAGGAATCAACT,CRISPR Guide Capture,ENSG00000143171,RXRG
RXRG_3,RXRG_3,R2,(BC),AGAGAAGTGGGGAATACGCT,CRISPR Guide Capture,ENSG00000143171,RXRG
S100A4_1,S100A4_1,R2,(BC),TCCACCTTCCACAAGTACTC,CRISPR Guide Capture,ENSG00000196154,S100A4
S100A4_2,S100A4_2,R2,(BC),GGTGGACACCATCACATCCA,CRISPR Guide Capture,ENSG00000196154,S100A4
S100A4_3,S100A4_3,R2,(BC),GAGCAACTTGGACAGCAACA,CRISPR Guide Capture,ENSG00000196154,S100A4
SOX10_1,SOX10_1,R2,(BC),CCGCCGTCGGGCCCTAGCGA,CRISPR Guide Capture,ENSG00000100146,SOX10
SOX10_2,SOX10_2,R2,(BC),ACGTTGCCGAAGTCGATGTG,CRISPR Guide Capture,ENSG00000100146,SOX10
SOX10_3,SOX10_3,R2,(BC),TGACAAGCGCCCCTTCATCG,CRISPR Guide Capture,ENSG00000100146,SOX10
SOX4_1,SOX4_1,R2,(BC),GATCGAGCGGCGCAAGATCA,CRISPR Guide Capture,ENSG00000124766,SOX4
SOX4_2,SOX4_2,R2,(BC),GCTCCGCCTCTCGAATGAAA,CRISPR Guide Capture,ENSG00000124766,SOX4
SOX4_3,SOX4_3,R2,(BC),GTGAAGCGCGTCTACCTGTT,CRISPR Guide Capture,ENSG00000124766,SOX4
SOX5_1,SOX5_1,R2,(BC),GTAGTTGGGATCAGCTGAAC,CRISPR Guide Capture,ENSG00000134532,SOX5
SOX5_2,SOX5_2,R2,(BC),GGAACTCCTGAACGGCGCAA,CRISPR Guide Capture,ENSG00000134532,SOX5
SOX5_3,SOX5_3,R2,(BC),AATACGGGAATCATTAATGG,CRISPR Guide Capture,ENSG00000134532,SOX5
SSBP3_1,SSBP3_1,R2,(BC),GCACGTACCTGAAAGAAACC,CRISPR Guide Capture,ENSG00000157216,SSBP3
SSBP3_2,SSBP3_2,R2,(BC),TTGCCTTACATGTTAATCCC,CRISPR Guide Capture,ENSG00000157216,SSBP3
SSBP3_3,SSBP3_3,R2,(BC),CATGATGGGACCCCACAGTC,CRISPR Guide Capture,ENSG00000157216,SSBP3
ST3GAL1_1,ST3GAL1_1,R2,(BC),TGGAGGACGACACCTACCGA,CRISPR Guide Capture,ENSG00000008513,ST3GAL1
ST3GAL1_2,ST3GAL1_2,R2,(BC),CAAGACCATCGACTTGGAGT,CRISPR Guide Capture,ENSG00000008513,ST3GAL1
ST3GAL1_3,ST3GAL1_3,R2,(BC),CCTGAACTACTCCCACACCA,CRISPR Guide Capture,ENSG00000008513,ST3GAL1
ST6GALNAC3_1,ST6GALNAC3_1,R2,(BC),TGTATCCATAGTGAGTTCGA,CRISPR Guide Capture,ENSG00000184005,ST6GALNAC3
ST6GALNAC3_2,ST6GALNAC3_2,R2,(BC),ATGGGACACAACTCGAATCA,CRISPR Guide Capture,ENSG00000184005,ST6GALNAC3
ST6GALNAC3_3,ST6GALNAC3_3,R2,(BC),TGTGCCATAGTGTCAAACTC,CRISPR Guide Capture,ENSG00000184005,ST6GALNAC3
TEAD1_1,TEAD1_1,R2,(BC),AGATACATCAAACTCAGGAC,CRISPR Guide Capture,ENSG00000187079,TEAD1
TEAD1_2,TEAD1_2,R2,(BC),TGGCTATCTATCCACCATGT,CRISPR Guide Capture,ENSG00000187079,TEAD1
TEAD1_3,TEAD1_3,R2,(BC),CTGAGCTCATGACTTACCCC,CRISPR Guide Capture,ENSG00000187079,TEAD1
TFAP2B_1,TFAP2B_1,R2,(BC),TCGAAGTACAAAGTAACTGT,CRISPR Guide Capture,ENSG00000008196,TFAP2B
TFAP2B_2,TFAP2B_2,R2,(BC),ATCGGTTTGAATTTACCCGC,CRISPR Guide Capture,ENSG00000008196,TFAP2B
TFAP2B_3,TFAP2B_3,R2,(BC),TAACAGCGGCATGAATCTAT,CRISPR Guide Capture,ENSG00000008196,TFAP2B
TFAP2C_1,TFAP2C_1,R2,(BC),GTAGGGTGGCGGCTGATATT,CRISPR Guide Capture,ENSG00000087510,TFAP2C
TFAP2C_2,TFAP2C_2,R2,(BC),TGAGGAGCGACAATCTTCCA,CRISPR Guide Capture,ENSG00000087510,TFAP2C
TFAP2C_3,TFAP2C_3,R2,(BC),GAGAACACCTCCCAGTAACG,CRISPR Guide Capture,ENSG00000087510,TFAP2C
TNC_1,TNC_1,R2,(BC),TGTGTGATGAGGGCTATACT,CRISPR Guide Capture,ENSG00000041982,TNC
TNC_2,TNC_2,R2,(BC),GAGGCGGTAGCGGTCAAATT,CRISPR Guide Capture,ENSG00000041982,TNC
TNC_3,TNC_3,R2,(BC),GAGAGCATCCCAGCTAACCT,CRISPR Guide Capture,ENSG00000041982,TNC
TWIST1_1,TWIST1_1,R2,(BC),AGCGGGTCATGGCCAACGTG,CRISPR Guide Capture,ENSG00000122691,TWIST1
TWIST1_2,TWIST1_2,R2,(BC),AAGCGCGGCAAGAAGTCTGC,CRISPR Guide Capture,ENSG00000122691,TWIST1
TWIST1_3,TWIST1_3,R2,(BC),ACGAGGCGTTCGCCGCGCTG,CRISPR Guide Capture,ENSG00000122691,TWIST1
VCAN_1,VCAN_1,R2,(BC),ACAGCCACCCGTAATCGCAC,CRISPR Guide Capture,ENSG00000038427,VCAN
VCAN_2,VCAN_2,R2,(BC),GAAGAGTCTACATAAGTAGT,CRISPR Guide Capture,ENSG00000038427,VCAN
VCAN_3,VCAN_3,R2,(BC),AAGAGAGACAAACTAGTGGT,CRISPR Guide Capture,ENSG00000038427,VCAN
ZEB1_1,ZEB1_1,R2,(BC),GGAGACACCAAACCAACTGT,CRISPR Guide Capture,ENSG00000148516,ZEB1
ZEB1_2,ZEB1_2,R2,(BC),GCCTCTATCACAATATGGAC,CRISPR Guide Capture,ENSG00000148516,ZEB1
ZEB1_3,ZEB1_3,R2,(BC),TGATTCAGTAAACCTACCAC,CRISPR Guide Capture,ENSG00000148516,ZEB1
